{
  "timestamp": "2025-12-21T12:23:30.165655",
  "n_samples": 830,
  "mean": 0.3591915462637587,
  "std": 0.17733348032075893,
  "min": 0.02004282638758248,
  "max": 0.7965674938029215,
  "median": 0.33622339619477615,
  "q1": 0.21648436274333133,
  "q3": 0.48248723074029015,
  "iqr": 0.2660028679969588
}