{
    "timestamp": "2025-11-02T16:26:50.970934",
    "treinamento": {
        "epocas_configuradas": 50,
        "epocas_executadas": 49,
        "batch_size": 32,
        "early_stopping_patience": 10,
        "final_train_loss": 0.0015755469212308526,
        "final_val_loss": 0.000836599909234792,
        "final_train_mae": 0.030859757214784622,
        "final_val_mae": 0.021489568054676056,
        "best_val_loss": 0.0008114500669762492,
        "best_epoch": 39
    },
    "metricas_teste": {
        "mse": 0.06556719364247147,
        "rmse": 0.2560609178349392,
        "mae": 0.1987023143824225,
        "mape": 1.529211413694573,
        "r2_score": 0.9350680813948303,
        "preco_medio": 12.834655074433908,
        "preco_min": 10.230633735656738,
        "preco_max": 14.781492233276367,
        "erro_pct_medio": 1.995074400908535
    },
    "historico": {
        "loss": [
            0.024242142215371132,
            0.005894452799111605,
            0.004774638917297125,
            0.004337351303547621,
            0.004240613430738449,
            0.003880281699821353,
            0.003775322809815407,
            0.003521845443174243,
            0.0038845613598823547,
            0.0034701640252023935,
            0.0033786543644964695,
            0.00297199422493577,
            0.0030543850734829903,
            0.002856040606275201,
            0.0027598498854786158,
            0.002733834320679307,
            0.0025763753801584244,
            0.0025094931479543447,
            0.002569351112470031,
            0.0023722616024315357,
            0.0023232107050716877,
            0.002209653612226248,
            0.0022826986387372017,
            0.002110318746417761,
            0.0021787837613373995,
            0.002192254876717925,
            0.002029903931543231,
            0.0019977837800979614,
            0.0022326598409563303,
            0.0018825797596946359,
            0.0018061695154756308,
            0.0016679174732416868,
            0.0017119805561378598,
            0.001736150006763637,
            0.0017384854145348072,
            0.0017244908958673477,
            0.0017321808263659477,
            0.0017292086267843843,
            0.0016840166645124555,
            0.0018099772278219461,
            0.0016379287699237466,
            0.0016390378586947918,
            0.001619262620806694,
            0.0016366071067750454,
            0.0015897604171186686,
            0.0015884741442278028,
            0.0015893109375610948,
            0.0016285883029922843,
            0.0015755469212308526
        ],
        "val_loss": [
            0.005573381669819355,
            0.0030705053359270096,
            0.0024557337164878845,
            0.0022243307903409004,
            0.0021586152724921703,
            0.0018921437440440059,
            0.0020624797325581312,
            0.002333572134375572,
            0.0019436379661783576,
            0.001954878680408001,
            0.0016932087019085884,
            0.001500996295362711,
            0.001487257657572627,
            0.0014892800245434046,
            0.0014113422948867083,
            0.001291267923079431,
            0.001217064680531621,
            0.0013796191196888685,
            0.00107983045745641,
            0.001263661659322679,
            0.0011019620578736067,
            0.0013560212682932615,
            0.0011734565487131476,
            0.0009520460735075176,
            0.001418297877535224,
            0.0009633481968194246,
            0.0010872870916500688,
            0.0008847492863424122,
            0.0013448040699586272,
            0.0008760288474150002,
            0.0010579900117591023,
            0.0008792929584160447,
            0.0009805677691474557,
            0.0008536105160601437,
            0.0009124440839514136,
            0.0008570028003305197,
            0.0008591390214860439,
            0.0009414491360075772,
            0.0008114500669762492,
            0.0008805975667200983,
            0.0008203485049307346,
            0.0008118880214169621,
            0.000895999139174819,
            0.0008283306960947812,
            0.0008214713889174163,
            0.0008134912350215018,
            0.0008228120859712362,
            0.0008298911852762103,
            0.000836599909234792
        ],
        "mae": [
            0.11277259141206741,
            0.0609535314142704,
            0.05417848005890846,
            0.051156725734472275,
            0.05164250358939171,
            0.04872751235961914,
            0.04866873100399971,
            0.046981994062662125,
            0.04859009385108948,
            0.046502020210027695,
            0.04611776024103165,
            0.04256753623485565,
            0.042879510670900345,
            0.04152952879667282,
            0.04106815904378891,
            0.04107315465807915,
            0.04005563631653786,
            0.03857870027422905,
            0.04005897790193558,
            0.038099221885204315,
            0.03786059096455574,
            0.03732707351446152,
            0.0370231531560421,
            0.035962607711553574,
            0.0365985743701458,
            0.03639744594693184,
            0.035195063799619675,
            0.03465872257947922,
            0.03695673123002052,
            0.03421901911497116,
            0.03304417058825493,
            0.032343097031116486,
            0.03267740085721016,
            0.03221318498253822,
            0.032498281449079514,
            0.0327540747821331,
            0.03243044391274452,
            0.03254080191254616,
            0.032341767102479935,
            0.03310411795973778,
            0.03131736442446709,
            0.03147827833890915,
            0.0316140241920948,
            0.031720422208309174,
            0.031107744202017784,
            0.030925191938877106,
            0.03128601983189583,
            0.03131122887134552,
            0.030859757214784622
        ],
        "val_mae": [
            0.0639767050743103,
            0.042117975652217865,
            0.03614116087555885,
            0.033535491675138474,
            0.03368976339697838,
            0.030470864847302437,
            0.03410133346915245,
            0.03871931880712509,
            0.033225011080503464,
            0.033957067877054214,
            0.030518971383571625,
            0.027581829577684402,
            0.028018323704600334,
            0.02855359949171543,
            0.0276468675583601,
            0.026042183861136436,
            0.025182874873280525,
            0.028156962245702744,
            0.023598037660121918,
            0.0267784520983696,
            0.024245677515864372,
            0.028665930032730103,
            0.02587510459125042,
            0.022351857274770737,
            0.02994789555668831,
            0.022447101771831512,
            0.024805378168821335,
            0.02161218784749508,
            0.02904578298330307,
            0.02171252854168415,
            0.0246608704328537,
            0.021869074553251266,
            0.023406120017170906,
            0.021572213619947433,
            0.022546786814928055,
            0.02165924198925495,
            0.021723788231611252,
            0.02292008511722088,
            0.020850706845521927,
            0.022088266909122467,
            0.02109406888484955,
            0.020979369059205055,
            0.02239871583878994,
            0.02130676619708538,
            0.02120160683989525,
            0.021081468090415,
            0.021252043545246124,
            0.0213540680706501,
            0.021489568054676056
        ],
        "epocas": 49
    },
    "interpretacao": {
        "qualidade": "Excelente",
        "comentario": "O modelo apresenta erro muito baixo em relação ao preço médio.",
        "overfitting": "Não detectado",
        "capacidade_explicativa": "Excelente (R² > 0.9)"
    }
}